<?xml version="1.0" encoding="UTF-8" ?>
<configuration>

	<appender name="CONSOLE"
		class="ch.qos.logback.core.ConsoleAppender">
		<encoder>
			<pattern>%d{yyyy-MM-dd HH:mm:ss.SSS} [%thread] %5level %logger -
				%msg%n</pattern>
		</encoder>
	</appender>	

	<appender name="FILE" class="ch.qos.logback.core.FileAppender">
		<file>src/main/resources/log/board.log</file>
		<encoder>
			<pattern>%d{yyyy-MM-dd HH:mm:ss.SSS} [%thread] %5level %logger - %msg%n</pattern>
		</encoder>
	</appender>

	<logger name="com.rubypaper" level="DEBUG">
		<appender-ref ref="CONSOLE" />
		<appender-ref ref="FILE" />
	</logger>

	<logger name="org.springframework" level="INFO">
		<appender-ref ref="CONSOLE" />
		<appender-ref ref="FILE" />
	</logger>


	<!-- <root level="WARN"> <appender-ref ref="CONSOLE" /> </root> -->
</configuration>